chrom	pos	end	svtype	svlen	MSE	correlation	project	sample	father	father_age_birth_years	mosaic	mother	mother_age_birth_years	role	sex
chr7	75004023	76600092	CPX	1596069			SFARI	SSC09977	14032.fa	34.16666667	False	14032.mo	34.41666667	proband	male
chr7	86646708	86648276	CPX	1568	0.0036785138750169	0.9819622355218196	SFARI	SSC08675	13344.fa	31.25	False	13344.mo	30.41666667	sib	female
chr7	142696515	142699785	CPX	3270	0.0067178995378107	0.9670125956517616	SFARI	SSC07635	13528.fa	36.91666667	False	13528.mo	27.66666667	sib	female
chr8	34339948	34345360	CPX	5412	0.0009909519987498	0.9357923442843206	SFARI	SSC02407	11304.fa	30.83333333	False	11304.mo	28.58333333	proband	male
chr9	483694	484436	CPX	742	0.0245790456724618	0.8691285121351122	SFARI	SSC06592	13082.fa	27.83333333	False	13082.mo	28.58333333	sib	male
chr10	29010949	29011589	CPX	640	0.0160762755589156	0.9668648114007016	SFARI	SSC04266	12233.fa	32.58333333	False	12233.mo	32.08333333	proband	male
chr12	5962834	6113384	CPX	150550	0.0160304973722029	0.9545744272069884	SFARI	SSC11325	14473.fa	32.25	False	14473.mo	32.91666667	sib	male
chr13	60803191	60811652	CPX	8461	0.0030952815678223	0.9673421298305814	SFARI	SSC00179	11537.fa	32.91666667	False	11537.mo	31.0	sib	female
chr14	39510889	39751454	CPX	240565	0.028426394953631	0.9608467609619196	SFARI	SSC05548	12426.fa	37.0	False	12426.mo	36.66666667	sib	female
chr14	65690286	65705896	CPX	15610	0.0282177338565462	0.9205081946839112	SFARI	SSC10925	14114.fa	36.16666667	False	14114.mo	39.0	proband	male
chr14	104393196	104505798	CPX	112602	0.0166440421932511	0.970418157945696	SFARI	SSC08292	13589.fa	32.91666667	False	13589.mo	25.5	proband	male
chr19	38668856	38677092	CPX	8236	0.0276014658026352	0.9344860406152588	SFARI	SSC05875	12076.fa	33.33333333	False	12076.mo	30.0	proband	male
